Field 1,Field 2,Field 3,Field 4,Field 5
Value 1 0,Value 2 0,Value 3 0,Value 4 0,Value 5 0
Value 1 1,Value 2 1,Value 3 1,Value 4 1,Value 5 1
Value 1 2,Value 2 2,Value 3 2,Value 4 2,Value 5 2
Value 1 3,Value 2 3,Value 3 3,Value 4 3,Value 5 3
Value 1 4,Value 2 4,Value 3 4,Value 4 4,Value 5 4
Value 1 5,Value 2 5,Value 3 5,Value 4 5,Value 5 5
Value 1 6,Value 2 6,Value 3 6,Value 4 6,Value 5 6
Value 1 7,Value 2 7,Value 3 7,Value 4 7,Value 5 7
Value 1 8,Value 2 8,Value 3 8,Value 4 8,Value 5 8
Value 1 9,Value 2 9,Value 3 9,Value 4 9,Value 5 9
Value 1 10,Value 2 10,Value 3 10,Value 4 10,Value 5 10
Value 1 11,Value 2 11,Value 3 11,Value 4 11,Value 5 11
Value 1 12,Value 2 12,Value 3 12,Value 4 12,Value 5 12
Value 1 13,Value 2 13,Value 3 13,Value 4 13,Value 5 13
Value 1 14,Value 2 14,Value 3 14,Value 4 14,Value 5 14
Value 1 15,Value 2 15,Value 3 15,Value 4 15,Value 5 15
Value 1 16,Value 2 16,Value 3 16,Value 4 16,Value 5 16
Value 1 17,Value 2 17,Value 3 17,Value 4 17,Value 5 17
Value 1 18,Value 2 18,Value 3 18,Value 4 18,Value 5 18
Value 1 19,Value 2 19,Value 3 19,Value 4 19,Value 5 19